Filename,Owner,Modified Time
none_wolford-tops-bodysuits-white_none_saint-laurent-skirt-long-skirt-brown_tucked_emersyn.png,alex.arnwine@zelig.com,2024-06-03T18:08:46.229Z
tucked_the-row-tops-sweater-vest-black_none_gucci-skirt-mini-skirt-neutral_tucked_daffnet.png,alex.arnwine@zelig.com,2024-06-03T18:08:43.648Z
none_saint-laurent-tops-tank-tops-brown_none_redone-skirt-long-skirt-blue_untucked_florence.png,alex.arnwine@zelig.com,2024-06-03T18:08:06.800Z
none_wolford-tops-bodysuits-white_none_saint-laurent-skirt-long-skirt-brown_tucked_liz.png,alex.arnwine@zelig.com,2024-06-03T18:08:06.774Z
none_saint-laurent-tops-tank-tops-brown_none_gucci-skirt-mini-skirt-neutral_untucked_paige.png,alex.arnwine@zelig.com,2024-06-03T18:08:06.009Z
none_saint-laurent-tops-tank-tops-brown_none_gucci-skirt-mini-skirt-neutral_untucked_daffnet.png,alex.arnwine@zelig.com,2024-06-03T18:08:05.887Z
tucked_the-row-tops-sweater-vest-black_none_gucci-skirt-mini-skirt-neutral_tucked_julia.png,alex.arnwine@zelig.com,2024-06-03T18:08:05.735Z
tucked_saint-laurent-tops-tank-tops-brown_none_joah-brown-shorts-active-shorts-black_tucked_yamani.png,alex.arnwine@zelig.com,2024-06-03T18:08:05.689Z
none_saint-laurent-tops-tank-tops-brown_none_wolford-pants-tights-black_untucked_liz.png,alex.arnwine@zelig.com,2024-06-03T18:08:05.261Z
none_james-perse-tops-t-shirts-white_none_redone-skirt-long-skirt-blue_untucked_grace.png,alex.arnwine@zelig.com,2024-06-03T18:08:05.176Z
none_james-perse-tops-t-shirts-white_none_joah-brown-shorts-active-shorts-black_untucked_emersyn.png,alex.arnwine@zelig.com,2024-06-03T18:08:05.093Z
none_saint-laurent-tops-tank-tops-brown_none_redone-skirt-long-skirt-blue_untucked_paige.png,alex.arnwine@zelig.com,2024-06-03T18:08:04.900Z
tucked_the-row-tops-sweater-vest-black_none_saint-laurent-skirt-long-skirt-brown_tucked_julia.png,alex.arnwine@zelig.com,2024-06-03T18:08:04.878Z
tucked_james-perse-tops-t-shirts-white_none_redone-skirt-long-skirt-blue_tucked_yamani.png,alex.arnwine@zelig.com,2024-06-03T18:08:04.818Z
fully-buttoned_balenciaga-tops-shirts-black_none_joah-brown-shorts-active-shorts-black_untucked_yamani.png,alex.arnwine@zelig.com,2024-06-03T18:08:04.441Z
none_wolford-tops-bodysuits-white_none_joah-brown-shorts-active-shorts-black_tucked_julia.png,alex.arnwine@zelig.com,2024-06-03T18:08:04.388Z
tucked_the-row-tops-sweater-vest-black_none_wolford-pants-tights-black_tucked_florence.png,alex.arnwine@zelig.com,2024-06-03T18:08:04.288Z
none_gucci-tops-pullover-sweaters-off-white_none_joah-brown-shorts-active-shorts-black_untucked_trace.png,alex.arnwine@zelig.com,2024-06-03T18:08:04.164Z
none_james-perse-tops-t-shirts-white_none_redone-skirt-long-skirt-blue_untucked_julia.png,alex.arnwine@zelig.com,2024-06-03T18:08:03.992Z
tucked_the-row-tops-sweater-vest-black_none_joah-brown-pants-trackpants-sweat-pants-green_tucked_grace.png,alex.arnwine@zelig.com,2024-06-03T18:08:03.885Z
none_saint-laurent-tops-tank-tops-brown_none_joah-brown-pants-trackpants-sweat-pants-green_untucked_grace.png,alex.arnwine@zelig.com,2024-06-03T18:08:03.816Z
tucked_james-perse-tops-t-shirts-white_none_alexander-mcqueen--pants-flared-pants-white_tucked_liz.png,alex.arnwine@zelig.com,2024-06-03T18:08:03.445Z
none_tom-ford-dresses-long-dress-black_single_grace.png,alex.arnwine@zelig.com,2024-06-03T18:08:03.389Z
tucked_acne-studios-tops-t-shirts-neutral_none_joah-brown-shorts-active-shorts-black_tucked_daffnet.png,alex.arnwine@zelig.com,2024-06-03T18:08:03.113Z
none_the-row-tops-sweater-vest-black_none_saint-laurent-skirt-long-skirt-brown_untucked_trace.png,alex.arnwine@zelig.com,2024-06-03T18:08:02.869Z
none_wolford-tops-bodysuits-white_none_gucci-skirt-mini-skirt-neutral_tucked_yamani.png,alex.arnwine@zelig.com,2024-06-03T18:08:02.746Z
none_wolford-tops-bodysuits-black_none_alexander-mcqueen--pants-flared-pants-white_tucked_liz.png,alex.arnwine@zelig.com,2024-06-03T18:08:02.418Z
tucked_saint-laurent-tops-tank-tops-brown_none_gucci-skirt-mini-skirt-neutral_tucked_julia.png,alex.arnwine@zelig.com,2024-06-03T18:08:02.370Z
none_saint-laurent-tops-tank-tops-brown_none_wolford-pants-tights-black_untucked_florence.png,alex.arnwine@zelig.com,2024-06-03T18:08:02.269Z
fully-buttoned_balenciaga-tops-shirts-black_none_joah-brown-shorts-active-shorts-black_untucked_florence.png,alex.arnwine@zelig.com,2024-06-03T18:08:02.160Z
none_gucci-tops-pullover-sweaters-off-white_none_gucci-skirt-mini-skirt-neutral_untucked_emersyn.png,alex.arnwine@zelig.com,2024-06-03T18:08:02.042Z
none_wolford-tops-bodysuits-black_none_redone-skirt-long-skirt-blue_tucked_liz.png,alex.arnwine@zelig.com,2024-06-03T18:08:01.894Z
tucked_the-row-tops-sweater-vest-black_none_saint-laurent-skirt-long-skirt-brown_tucked_daffnet.png,alex.arnwine@zelig.com,2024-06-03T18:08:01.764Z
tucked_the-row-tops-sweater-vest-black_none_joah-brown-pants-trackpants-sweat-pants-green_tucked_trace.png,alex.arnwine@zelig.com,2024-06-03T18:08:01.661Z
none_acne-studios-tops-t-shirts-neutral_none_gucci-skirt-mini-skirt-neutral_untucked_emersyn.png,alex.arnwine@zelig.com,2024-06-03T18:08:01.026Z
none_wolford-tops-bodysuits-white_none_bottega-veneta-skirt-mini-skirt-white_tucked_emersyn.png,alex.arnwine@zelig.com,2024-06-03T18:08:01.021Z
none_gucci-tops-pullover-sweaters-off-white_none_saint-laurent-skirt-long-skirt-brown_untucked_liz.png,alex.arnwine@zelig.com,2024-06-03T18:08:00.987Z
tucked_james-perse-tops-t-shirts-white_none_joah-brown-pants-trackpants-sweat-pants-green_tucked_emersyn.png,alex.arnwine@zelig.com,2024-06-03T18:08:00.823Z
none_gucci-tops-pullover-sweaters-off-white_none_alexander-mcqueen--pants-flared-pants-white_untucked_emersyn.png,alex.arnwine@zelig.com,2024-06-03T18:08:00.619Z
tucked_saint-laurent-tops-tank-tops-brown_none_redone-skirt-long-skirt-blue_tucked_liz.png,alex.arnwine@zelig.com,2024-06-03T18:08:00.191Z
fully-buttoned_balenciaga-tops-shirts-black_none_joah-brown-pants-trackpants-sweat-pants-green_untucked_daffnet.png,alex.arnwine@zelig.com,2024-06-03T18:08:00.161Z
none_balenciaga-tops-shirts-black_none_redone-skirt-long-skirt-blue_untucked_trace.png,alex.arnwine@zelig.com,2024-06-03T18:08:00.096Z
none_the-row-tops-sweater-vest-black_none_gucci-skirt-mini-skirt-neutral_untucked_paige.png,alex.arnwine@zelig.com,2024-06-03T18:07:59.865Z
tucked_gucci-tops-pullover-sweaters-off-white_none_redone-skirt-long-skirt-blue_tucked_emersyn.png,alex.arnwine@zelig.com,2024-06-03T18:07:59.435Z
none_saint-laurent-tops-tank-tops-brown_none_redone-skirt-long-skirt-blue_untucked_grace.png,alex.arnwine@zelig.com,2024-06-03T18:07:59.398Z
none_wolford-tops-bodysuits-white_none_joah-brown-shorts-active-shorts-black_tucked_liz.png,alex.arnwine@zelig.com,2024-06-03T18:07:59.265Z
tucked_the-row-tops-sweater-vest-black_none_redone-skirt-long-skirt-blue_tucked_florence.png,alex.arnwine@zelig.com,2024-06-03T18:07:59.064Z
none_gucci-tops-pullover-sweaters-off-white_none_joah-brown-shorts-active-shorts-black_untucked_florence.png,alex.arnwine@zelig.com,2024-06-03T18:07:59.006Z
none_gucci-tops-pullover-sweaters-off-white_none_joah-brown-pants-trackpants-sweat-pants-green_untucked_trace.png,alex.arnwine@zelig.com,2024-06-03T18:07:58.954Z
none_balenciaga-tops-shirts-black_none_bottega-veneta-skirt-mini-skirt-white_untucked_emersyn.png,alex.arnwine@zelig.com,2024-06-03T18:07:58.952Z
tucked_the-row-tops-sweater-vest-black_none_bottega-veneta-skirt-mini-skirt-white_tucked_yamani.png,alex.arnwine@zelig.com,2024-06-03T18:07:58.680Z
tucked_the-row-tops-sweater-vest-black_none_joah-brown-pants-trackpants-sweat-pants-green_tucked_paige.png,alex.arnwine@zelig.com,2024-06-03T18:07:58.530Z
none_saint-laurent-tops-tank-tops-brown_none_alexander-mcqueen--pants-flared-pants-white_untucked_emersyn.png,alex.arnwine@zelig.com,2024-06-03T18:07:58.181Z
none_saint-laurent-tops-tank-tops-brown_none_redone-skirt-long-skirt-blue_untucked_liz.png,alex.arnwine@zelig.com,2024-06-03T18:07:58.159Z
none_wolford-tops-bodysuits-white_none_joah-brown-pants-trackpants-sweat-pants-green_tucked_liz.png,alex.arnwine@zelig.com,2024-06-03T18:07:57.942Z
tucked_saint-laurent-tops-tank-tops-brown_none_gucci-skirt-mini-skirt-neutral_tucked_yamani.png,alex.arnwine@zelig.com,2024-06-03T18:07:57.913Z
none_gucci-tops-pullover-sweaters-off-white_none_wolford-pants-tights-black_untucked_liz.png,alex.arnwine@zelig.com,2024-06-03T18:07:57.534Z
tucked_the-row-tops-sweater-vest-black_none_gucci-skirt-mini-skirt-neutral_tucked_emersyn.png,alex.arnwine@zelig.com,2024-06-03T18:07:57.416Z
tucked_the-row-tops-sweater-vest-black_none_alexander-mcqueen--pants-flared-pants-white_tucked_trace.png,alex.arnwine@zelig.com,2024-06-03T18:07:57.394Z
tucked_the-row-tops-sweater-vest-black_none_redone-skirt-long-skirt-blue_tucked_emersyn.png,alex.arnwine@zelig.com,2024-06-03T18:07:56.850Z
tucked_the-row-tops-sweater-vest-black_none_joah-brown-pants-trackpants-sweat-pants-green_tucked_svetlana.png,alex.arnwine@zelig.com,2024-06-03T18:07:56.723Z
tucked_james-perse-tops-t-shirts-white_none_joah-brown-pants-trackpants-sweat-pants-green_tucked_trace.png,alex.arnwine@zelig.com,2024-06-03T18:07:56.644Z
none_wolford-tops-bodysuits-white_none_joah-brown-pants-trackpants-sweat-pants-green_tucked_trace.png,alex.arnwine@zelig.com,2024-06-03T18:07:56.639Z
tucked_acne-studios-tops-t-shirts-neutral_none_gucci-skirt-mini-skirt-neutral_tucked_paige.png,alex.arnwine@zelig.com,2024-06-03T18:07:56.507Z
tucked_acne-studios-tops-t-shirts-neutral_none_alexander-mcqueen--pants-flared-pants-white_tucked_grace.png,alex.arnwine@zelig.com,2024-06-03T18:07:56.418Z
none_balenciaga-tops-shirts-black_none_alexander-mcqueen--pants-flared-pants-white_untucked_yamani.png,alex.arnwine@zelig.com,2024-06-03T18:07:56.290Z
none_acne-studios-tops-t-shirts-neutral_none_saint-laurent-skirt-long-skirt-brown_untucked_yamani.png,alex.arnwine@zelig.com,2024-06-03T18:07:56.031Z
tucked_acne-studios-tops-t-shirts-neutral_none_redone-skirt-long-skirt-blue_tucked_florence.png,alex.arnwine@zelig.com,2024-06-03T18:07:55.961Z
tucked_the-row-tops-sweater-vest-black_none_joah-brown-pants-trackpants-sweat-pants-green_tucked_julia.png,alex.arnwine@zelig.com,2024-06-03T18:07:55.861Z
tucked_gucci-tops-pullover-sweaters-off-white_none_joah-brown-shorts-active-shorts-black_tucked_paige.png,alex.arnwine@zelig.com,2024-06-03T18:07:55.748Z
fully-buttoned_balenciaga-tops-shirts-black_none_gucci-skirt-mini-skirt-neutral_untucked_grace.png,alex.arnwine@zelig.com,2024-06-03T18:07:55.383Z
none_wolford-tops-bodysuits-black_none_saint-laurent-skirt-long-skirt-brown_tucked_liz.png,alex.arnwine@zelig.com,2024-06-03T18:07:55.202Z
tucked_the-row-tops-sweater-vest-black_none_wolford-pants-tights-black_tucked_julia.png,alex.arnwine@zelig.com,2024-06-03T18:07:54.718Z
tucked_acne-studios-tops-t-shirts-neutral_none_redone-skirt-long-skirt-blue_tucked_trace.png,alex.arnwine@zelig.com,2024-06-03T18:07:54.548Z
none_the-row-tops-sweater-vest-black_none_alexander-mcqueen--pants-flared-pants-white_untucked_emersyn.png,alex.arnwine@zelig.com,2024-06-03T18:07:54.486Z
tucked_the-row-tops-sweater-vest-black_none_redone-skirt-long-skirt-blue_tucked_daffnet.png,alex.arnwine@zelig.com,2024-06-03T18:07:54.456Z
none_the-row-tops-sweater-vest-black_none_redone-skirt-long-skirt-blue_untucked_trace.png,alex.arnwine@zelig.com,2024-06-03T18:07:54.296Z
none_james-perse-tops-t-shirts-white_none_joah-brown-pants-trackpants-sweat-pants-green_untucked_paige.png,alex.arnwine@zelig.com,2024-06-03T18:07:54.253Z
none_acne-studios-tops-t-shirts-neutral_none_gucci-skirt-mini-skirt-neutral_untucked_florence.png,alex.arnwine@zelig.com,2024-06-03T18:07:54.248Z
tucked_the-row-tops-sweater-vest-black_none_redone-skirt-long-skirt-blue_tucked_yamani.png,alex.arnwine@zelig.com,2024-06-03T18:07:53.723Z
none_the-row-tops-sweater-vest-black_none_joah-brown-shorts-active-shorts-black_untucked_yamani.png,alex.arnwine@zelig.com,2024-06-03T18:07:53.702Z
tucked_saint-laurent-tops-tank-tops-brown_none_joah-brown-shorts-active-shorts-black_tucked_emersyn.png,alex.arnwine@zelig.com,2024-06-03T18:07:53.679Z
tucked_acne-studios-tops-t-shirts-neutral_none_saint-laurent-skirt-long-skirt-brown_tucked_trace.png,alex.arnwine@zelig.com,2024-06-03T18:07:53.614Z
tucked_saint-laurent-tops-tank-tops-brown_none_gucci-skirt-mini-skirt-neutral_tucked_paige.png,alex.arnwine@zelig.com,2024-06-03T18:07:53.518Z
tucked_gucci-tops-pullover-sweaters-off-white_none_alexander-mcqueen--pants-flared-pants-white_tucked_liz.png,alex.arnwine@zelig.com,2024-06-03T18:07:53.143Z
fully-buttoned_balenciaga-tops-shirts-black_none_joah-brown-shorts-active-shorts-black_untucked_grace.png,alex.arnwine@zelig.com,2024-06-03T18:07:52.360Z
tucked_gucci-tops-pullover-sweaters-off-white_none_saint-laurent-skirt-long-skirt-brown_tucked_grace.png,alex.arnwine@zelig.com,2024-06-03T18:07:52.266Z
tucked_james-perse-tops-t-shirts-white_none_gucci-skirt-mini-skirt-neutral_tucked_svetlana.png,alex.arnwine@zelig.com,2024-06-03T18:07:52.225Z
none_gucci-tops-pullover-sweaters-off-white_none_gucci-skirt-mini-skirt-neutral_untucked_grace.png,alex.arnwine@zelig.com,2024-06-03T18:07:52.165Z
tucked_the-row-tops-sweater-vest-black_none_wolford-pants-tights-black_tucked_liz.png,alex.arnwine@zelig.com,2024-06-03T18:07:52.151Z
fully-buttoned_balenciaga-tops-shirts-black_none_gucci-skirt-mini-skirt-neutral_untucked_julia.png,alex.arnwine@zelig.com,2024-06-03T18:07:52.119Z
none_wolford-tops-bodysuits-black_none_joah-brown-shorts-active-shorts-black_tucked_trace.png,alex.arnwine@zelig.com,2024-06-03T18:07:52.098Z
tucked_the-row-tops-sweater-vest-black_none_alexander-mcqueen--pants-flared-pants-white_tucked_paige.png,alex.arnwine@zelig.com,2024-06-03T18:07:51.791Z
none_balenciaga-tops-shirts-black_none_saint-laurent-skirt-long-skirt-brown_untucked_liz.png,alex.arnwine@zelig.com,2024-06-03T18:07:51.326Z
none_balenciaga-tops-shirts-black_none_joah-brown-shorts-active-shorts-black_untucked_grace.png,alex.arnwine@zelig.com,2024-06-03T18:07:51.264Z
fully-buttoned_balenciaga-tops-shirts-black_none_wolford-pants-tights-black_untucked_emersyn.png,alex.arnwine@zelig.com,2024-06-03T18:07:51.243Z
none_balenciaga-tops-shirts-black_none_joah-brown-shorts-active-shorts-black_untucked_yamani.png,alex.arnwine@zelig.com,2024-06-03T18:07:51.219Z
none_saint-laurent-tops-tank-tops-brown_none_joah-brown-shorts-active-shorts-black_untucked_yamani.png,alex.arnwine@zelig.com,2024-06-03T18:07:48.318Z
none_wolford-tops-bodysuits-white_none_gucci-skirt-mini-skirt-neutral_tucked_emersyn.png,alex.arnwine@zelig.com,2024-06-03T18:07:47.696Z
none_wolford-tops-bodysuits-white_none_saint-laurent-skirt-long-skirt-brown_tucked_daffnet.png,alex.arnwine@zelig.com,2024-06-03T18:07:45.412Z
